{"cameraMode":{"drawMode":0,"name":"Shaded","section":"Shading Mode"},"sceneLighting":false,"audioPlay":false,"sceneViewState":{"showFog":true,"showMaterialUpdate":false,"showSkybox":false,"showFlares":true,"showImageEffects":true,"showParticleSystems":true,"showVisualEffectGraphs":true,"m_FxEnabled":true},"in2DMode":false,"pivot":{"x":0.18378257751464845,"y":5.097324848175049,"z":-0.061362266540527347},"rotation":{"x":-0.24429360032081605,"y":-0.5383723974227905,"z":0.16679668426513673,"w":-0.7890483736991882},"size":12.485243797302246,"orthographic":false}