{"cameraMode":{"drawMode":0,"name":"Shaded","section":"Shading Mode"},"sceneLighting":false,"audioPlay":false,"sceneViewState":{"showFog":true,"showMaterialUpdate":false,"showSkybox":false,"showFlares":true,"showImageEffects":true,"showParticleSystems":true,"showVisualEffectGraphs":true,"m_FxEnabled":true},"in2DMode":false,"pivot":{"x":0.023972447961568834,"y":0.21212145686149598,"z":-0.0009518414735794067},"rotation":{"x":0.12324757874011994,"y":-0.778039276599884,"z":0.1611560434103012,"w":0.5945018529891968},"size":0.2910143733024597,"orthographic":false}